No.,Title,Publication date,Article link,Image URL,Source archive page
1,Listening to lead: how rare disease communities guide innovation,13 May 2026,https://rarerevolutionmagazine.com/listening-to-lead-how-rare-disease-communities-guide-innovation/,https://api.microlink.io/?url=https%3A%2F%2Frarerevolutionmagazine.com%2Flistening-to-lead-how-rare-disease-communities-guide-innovation%2F&embed=image.url,https://rarerevolutionmagazine.com/category/rare-insights/industry-insights/
2,The diagnostic odyssey: how misdiagnosis and indication broadening can undermine rare disease clinical trials,8 April 2026,https://rarerevolutionmagazine.com/the-diagnostic-odyssey-how-misdiagnosis-and-indication-broadening-can-undermine-rare-disease-clinical-trials/,https://api.microlink.io/?url=https%3A%2F%2Frarerevolutionmagazine.com%2Fthe-diagnostic-odyssey-how-misdiagnosis-and-indication-broadening-can-undermine-rare-disease-clinical-trials%2F&embed=image.url,https://rarerevolutionmagazine.com/category/rare-insights/industry-insights/
3,How can AI amplify patient voices to improve rare disease communications?,24 February 2026,https://rarerevolutionmagazine.com/how-can-ai-amplify-patient-voices-to-improve-rare-disease-communications/,https://api.microlink.io/?url=https%3A%2F%2Frarerevolutionmagazine.com%2Fhow-can-ai-amplify-patient-voices-to-improve-rare-disease-communications%2F&embed=image.url,https://rarerevolutionmagazine.com/category/rare-insights/industry-insights/
4,A tough year,10 December 2025,https://rarerevolutionmagazine.com/a-tough-year/,https://api.microlink.io/?url=https%3A%2F%2Frarerevolutionmagazine.com%2Fa-tough-year%2F&embed=image.url,https://rarerevolutionmagazine.com/category/rare-insights/industry-insights/
5,Reasons to be cheerful?,13 August 2025,https://rarerevolutionmagazine.com/reasons-to-be-cheerful/,https://api.microlink.io/?url=https%3A%2F%2Frarerevolutionmagazine.com%2Freasons-to-be-cheerful%2F&embed=image.url,https://rarerevolutionmagazine.com/category/rare-insights/industry-insights/
6,Expanding appreciation for the patient journey,16 July 2025,https://rarerevolutionmagazine.com/expanding-appreciation-for-the-patient-journey/,https://api.microlink.io/?url=https%3A%2F%2Frarerevolutionmagazine.com%2Fexpanding-appreciation-for-the-patient-journey%2F&embed=image.url,https://rarerevolutionmagazine.com/category/rare-insights/industry-insights/
7,NICE’s highly specialised technologies (HST) criteria: a summary and impact analysis,14 May 2025,https://rarerevolutionmagazine.com/nices-highly-specialised-technologies-hst-criteria-a-summary-and-impact-analysis/,https://api.microlink.io/?url=https%3A%2F%2Frarerevolutionmagazine.com%2Fnices-highly-specialised-technologies-hst-criteria-a-summary-and-impact-analysis%2F&embed=image.url,https://rarerevolutionmagazine.com/category/rare-insights/industry-insights/
8,How does industry better navigate the challenges in getting innovation into routine practice,9 April 2025,https://rarerevolutionmagazine.com/how-does-industry-better-navigate-the-challenges-in-getting-innovation-into-routine-practice/,https://api.microlink.io/?url=https%3A%2F%2Frarerevolutionmagazine.com%2Fhow-does-industry-better-navigate-the-challenges-in-getting-innovation-into-routine-practice%2F&embed=image.url,https://rarerevolutionmagazine.com/category/rare-insights/industry-insights/
9,Launching an early access programme: influencing factors,12 March 2025,https://rarerevolutionmagazine.com/launching-an-early-access-programme-influencing-factors/,https://api.microlink.io/?url=https%3A%2F%2Frarerevolutionmagazine.com%2Flaunching-an-early-access-programme-influencing-factors%2F&embed=image.url,https://rarerevolutionmagazine.com/category/rare-insights/industry-insights/
10,Patient-led research in rare diseases: How can we make this a reality?,20 February 2025,https://rarerevolutionmagazine.com/patient-led-research-in-rare-diseases-how-can-we-make-this-a-reality/,https://api.microlink.io/?url=https%3A%2F%2Frarerevolutionmagazine.com%2Fpatient-led-research-in-rare-diseases-how-can-we-make-this-a-reality%2F&embed=image.url,https://rarerevolutionmagazine.com/category/rare-insights/industry-insights/
11,"Looking backwards, looking forwards",11 December 2024,https://rarerevolutionmagazine.com/looking-backwards-looking-forwards/,https://api.microlink.io/?url=https%3A%2F%2Frarerevolutionmagazine.com%2Flooking-backwards-looking-forwards%2F&embed=image.url,https://rarerevolutionmagazine.com/category/rare-insights/industry-insights/
12,Real-world data in EAPs: makes sense for rare diseases,13 November 2024,https://rarerevolutionmagazine.com/real-world-data-in-eaps-makes-sense-for-rare-diseases/,https://api.microlink.io/?url=https%3A%2F%2Frarerevolutionmagazine.com%2Freal-world-data-in-eaps-makes-sense-for-rare-diseases%2F&embed=image.url,https://rarerevolutionmagazine.com/category/rare-insights/industry-insights/
13,Putting patients first?,2 October 2024,https://rarerevolutionmagazine.com/putting-patients-first/,https://api.microlink.io/?url=https%3A%2F%2Frarerevolutionmagazine.com%2Fputting-patients-first%2F&embed=image.url,https://rarerevolutionmagazine.com/category/rare-insights/industry-insights/
14,NICE’s key developments in 2024 in summary,11 September 2024,https://rarerevolutionmagazine.com/nices-key-developments-in-2024-in-summary/,https://api.microlink.io/?url=https%3A%2F%2Frarerevolutionmagazine.com%2Fnices-key-developments-in-2024-in-summary%2F&embed=image.url,https://rarerevolutionmagazine.com/category/rare-insights/industry-insights/
15,How ‘do’ we versus how ‘should’ we think about disease awareness activities?,30 August 2024,https://rarerevolutionmagazine.com/how-do-we-versus-how-should-we-think-about-disease-awareness-activities/,https://api.microlink.io/?url=https%3A%2F%2Frarerevolutionmagazine.com%2Fhow-do-we-versus-how-should-we-think-about-disease-awareness-activities%2F&embed=image.url,https://rarerevolutionmagazine.com/category/rare-insights/industry-insights/
16,Cell and gene therapies: Where are we now?,31 July 2024,https://rarerevolutionmagazine.com/cell-and-gene-therapies-where-are-we-now/,https://api.microlink.io/?url=https%3A%2F%2Frarerevolutionmagazine.com%2Fcell-and-gene-therapies-where-are-we-now%2F&embed=image.url,https://rarerevolutionmagazine.com/category/rare-insights/industry-insights/
17,Early access to medicines: A picture is worth a thousand words,17 July 2024,https://rarerevolutionmagazine.com/early-access-to-medicines-a-picture-is-worth-a-thousand-words/,https://api.microlink.io/?url=https%3A%2F%2Frarerevolutionmagazine.com%2Fearly-access-to-medicines-a-picture-is-worth-a-thousand-words%2F&embed=image.url,https://rarerevolutionmagazine.com/category/rare-insights/industry-insights/
18,What can rare disease services learn from oncology services? A personal reflection,1 July 2024,https://rarerevolutionmagazine.com/what-can-rare-disease-services-learn-from-oncology-services-a-personal-reflection/,https://api.microlink.io/?url=https%3A%2F%2Frarerevolutionmagazine.com%2Fwhat-can-rare-disease-services-learn-from-oncology-services-a-personal-reflection%2F&embed=image.url,https://rarerevolutionmagazine.com/category/rare-insights/industry-insights/page/2/
19,What are the next steps for rare disease innovation in the United Kingdom?,15 May 2024,https://rarerevolutionmagazine.com/what-are-the-next-steps-for-rare-disease-innovation-in-the-united-kingdom/,https://api.microlink.io/?url=https%3A%2F%2Frarerevolutionmagazine.com%2Fwhat-are-the-next-steps-for-rare-disease-innovation-in-the-united-kingdom%2F&embed=image.url,https://rarerevolutionmagazine.com/category/rare-insights/industry-insights/page/2/
20,"As we enter a new financial year, how does the UK Budget affect the rare disease community?",10 April 2024,https://rarerevolutionmagazine.com/as-we-enter-a-new-financial-year-how-does-the-uk-budget-affect-the-rare-disease-community/,https://api.microlink.io/?url=https%3A%2F%2Frarerevolutionmagazine.com%2Fas-we-enter-a-new-financial-year-how-does-the-uk-budget-affect-the-rare-disease-community%2F&embed=image.url,https://rarerevolutionmagazine.com/category/rare-insights/industry-insights/page/2/
21,Living well today: How do we make it happen for the rare diseases community?,13 March 2024,https://rarerevolutionmagazine.com/living-well-today-how-do-we-make-it-happen-for-the-rare-diseases-community/,https://api.microlink.io/?url=https%3A%2F%2Frarerevolutionmagazine.com%2Fliving-well-today-how-do-we-make-it-happen-for-the-rare-diseases-community%2F&embed=image.url,https://rarerevolutionmagazine.com/category/rare-insights/industry-insights/page/2/
22,Rare Disease Day 2024: Sheela Upadhyaya previews some of the events taking place across the world,14 February 2024,https://rarerevolutionmagazine.com/rare-disease-day-2024-sheela-upadhyaya-previews-some-of-the-events-taking-place-across-the-world/,https://api.microlink.io/?url=https%3A%2F%2Frarerevolutionmagazine.com%2Frare-disease-day-2024-sheela-upadhyaya-previews-some-of-the-events-taking-place-across-the-world%2F&embed=image.url,https://rarerevolutionmagazine.com/category/rare-insights/industry-insights/page/2/
23,The UK Rare Diseases Framework: Sheela Upadhyaya reflects on recent progress across the UK,12 February 2024,https://rarerevolutionmagazine.com/the-uk-rare-diseases-framework-sheela-upadhyaya-reflects-on-recent-progress-across-the-uk/,https://api.microlink.io/?url=https%3A%2F%2Frarerevolutionmagazine.com%2Fthe-uk-rare-diseases-framework-sheela-upadhyaya-reflects-on-recent-progress-across-the-uk%2F&embed=image.url,https://rarerevolutionmagazine.com/category/rare-insights/industry-insights/page/2/
24,UK report calls for more government input to make cell and gene therapies a true health system priority,9 January 2024,https://rarerevolutionmagazine.com/uk-report-calls-for-more-government-input-to-make-cell-and-gene-therapies-a-true-health-system-priority/,https://api.microlink.io/?url=https%3A%2F%2Frarerevolutionmagazine.com%2Fuk-report-calls-for-more-government-input-to-make-cell-and-gene-therapies-a-true-health-system-priority%2F&embed=image.url,https://rarerevolutionmagazine.com/category/rare-insights/industry-insights/page/2/
25,Together4RD: making ERN-industry collaboration a key pillar of the future in the rare disease research ecosystem,11 October 2023,https://rarerevolutionmagazine.com/together4rd-making-ern-industry-collaboration-a-key-pillar-of-the-future-in-the-rare-disease-research-ecosystem/,https://api.microlink.io/?url=https%3A%2F%2Frarerevolutionmagazine.com%2Ftogether4rd-making-ern-industry-collaboration-a-key-pillar-of-the-future-in-the-rare-disease-research-ecosystem%2F&embed=image.url,https://rarerevolutionmagazine.com/category/rare-insights/industry-insights/page/2/
26,Living well with a rare disease: are we really supporting our community to achieve this?,25 September 2023,https://rarerevolutionmagazine.com/living-well-with-a-rare-disease-are-we-really-supporting-our-community-to-achieve-this/,https://api.microlink.io/?url=https%3A%2F%2Frarerevolutionmagazine.com%2Fliving-well-with-a-rare-disease-are-we-really-supporting-our-community-to-achieve-this%2F&embed=image.url,https://rarerevolutionmagazine.com/category/rare-insights/industry-insights/page/2/
27,The ABPI Code Partnership events: a step towards better partnerships?,12 July 2023,https://rarerevolutionmagazine.com/the-abpi-code-partnership-events-a-step-towards-better-partnerships/,https://api.microlink.io/?url=https%3A%2F%2Frarerevolutionmagazine.com%2Fthe-abpi-code-partnership-events-a-step-towards-better-partnerships%2F&embed=image.url,https://rarerevolutionmagazine.com/category/rare-insights/industry-insights/page/2/
28,COVID: Three years on—what has changed?,3 May 2023,https://rarerevolutionmagazine.com/covid-three-years-onwhat-has-changed/,https://api.microlink.io/?url=https%3A%2F%2Frarerevolutionmagazine.com%2Fcovid-three-years-onwhat-has-changed%2F&embed=image.url,https://rarerevolutionmagazine.com/category/rare-insights/industry-insights/page/2/
29,The new world of gene therapy: five questions answered,8 March 2023,https://rarerevolutionmagazine.com/the-new-world-of-gene-therapy-five-questions-answered/,https://api.microlink.io/?url=https%3A%2F%2Frarerevolutionmagazine.com%2Fthe-new-world-of-gene-therapy-five-questions-answered%2F&embed=image.url,https://rarerevolutionmagazine.com/category/rare-insights/industry-insights/page/2/
30,Red tape is ruining the potential of partnerships between patient groups and the pharmaceutical industry – it’s time for change,1 March 2023,https://rarerevolutionmagazine.com/red-tape-is-ruining-the-potential-of-partnerships-between-patient-groups-and-the-pharmaceutical-industry-its-time-for-change/,https://api.microlink.io/?url=https%3A%2F%2Frarerevolutionmagazine.com%2Fred-tape-is-ruining-the-potential-of-partnerships-between-patient-groups-and-the-pharmaceutical-industry-its-time-for-change%2F&embed=image.url,https://rarerevolutionmagazine.com/category/rare-insights/industry-insights/page/2/
31,Finding investment for gene therapies,22 February 2023,https://rarerevolutionmagazine.com/finding-investment-for-gene-therapies/,https://api.microlink.io/?url=https%3A%2F%2Frarerevolutionmagazine.com%2Ffinding-investment-for-gene-therapies%2F&embed=image.url,https://rarerevolutionmagazine.com/category/rare-insights/industry-insights/page/2/
32,"“Developing positive change in how we diagnose, treat and care for patients with a rare disease.” Rhetoric or reality?",1 February 2023,https://rarerevolutionmagazine.com/developing-positive-change-in-how-we-diagnose-treat-and-care-for-patients-with-a-rare-disease-rhetoric-or-reality/,https://api.microlink.io/?url=https%3A%2F%2Frarerevolutionmagazine.com%2Fdeveloping-positive-change-in-how-we-diagnose-treat-and-care-for-patients-with-a-rare-disease-rhetoric-or-reality%2F&embed=image.url,https://rarerevolutionmagazine.com/category/rare-insights/industry-insights/page/2/
33,Living with Gaucher disease: challenging encounters along the patient journey,17 February 2022,https://rarerevolutionmagazine.com/living-with-gaucher-disease-challenging-encounters-along-the-patient-journey/,https://api.microlink.io/?url=https%3A%2F%2Frarerevolutionmagazine.com%2Fliving-with-gaucher-disease-challenging-encounters-along-the-patient-journey%2F&embed=image.url,https://rarerevolutionmagazine.com/category/rare-insights/industry-insights/page/2/
