No.,Title,Publication date,Article link,Image URL,Source archive page
1,The weight of stillness – a journey with dystonia: a first journal entry,1 April 2026,https://rarerevolutionmagazine.com/the-weight-of-stillness-a-journey-with-dystonia-a-first-journal-entry/,https://api.microlink.io/?url=https%3A%2F%2Frarerevolutionmagazine.com%2Fthe-weight-of-stillness-a-journey-with-dystonia-a-first-journal-entry%2F&embed=image.url,https://rarerevolutionmagazine.com/category/rare-insights/a-day-in-the-life/
2,A day in the life: reconciling grief and gratitude,17 December 2025,https://rarerevolutionmagazine.com/a-day-in-the-life-reconciling-grief-and-gratitude/,https://api.microlink.io/?url=https%3A%2F%2Frarerevolutionmagazine.com%2Fa-day-in-the-life-reconciling-grief-and-gratitude%2F&embed=image.url,https://rarerevolutionmagazine.com/category/rare-insights/a-day-in-the-life/
3,"A day in the life: Vicky, Mum to Tiger-Lily",3 December 2025,https://rarerevolutionmagazine.com/a-day-in-the-life-vicky-mum-to-tiger-lily/,https://api.microlink.io/?url=https%3A%2F%2Frarerevolutionmagazine.com%2Fa-day-in-the-life-vicky-mum-to-tiger-lily%2F&embed=image.url,https://rarerevolutionmagazine.com/category/rare-insights/a-day-in-the-life/
4,A Day in the Life: living with sickle cell anaemia-Naomi’s story,23 October 2024,https://rarerevolutionmagazine.com/a-day-in-the-life-living-with-sickle-cell-anaemia-naomis-story/,https://api.microlink.io/?url=https%3A%2F%2Frarerevolutionmagazine.com%2Fa-day-in-the-life-living-with-sickle-cell-anaemia-naomis-story%2F&embed=image.url,https://rarerevolutionmagazine.com/category/rare-insights/a-day-in-the-life/
5,A day in the life of a PSPA helpline manager,14 October 2024,https://rarerevolutionmagazine.com/a-day-in-the-life-of-a-pspa-helpline-manager/,https://api.microlink.io/?url=https%3A%2F%2Frarerevolutionmagazine.com%2Fa-day-in-the-life-of-a-pspa-helpline-manager%2F&embed=image.url,https://rarerevolutionmagazine.com/category/rare-insights/a-day-in-the-life/
6,Drunk or disabled? – challenges with ataxia,16 September 2024,https://rarerevolutionmagazine.com/drunk-or-disabled-challenges-with-ataxia/,https://api.microlink.io/?url=https%3A%2F%2Frarerevolutionmagazine.com%2Fdrunk-or-disabled-challenges-with-ataxia%2F&embed=image.url,https://rarerevolutionmagazine.com/category/rare-insights/a-day-in-the-life/
7,#JosiahStrong: Living with familial cold autoinflammatory syndrome—one year on,14 August 2024,https://rarerevolutionmagazine.com/josiahstrong-living-with-familial-cold-autoinflammatory-syndrome-one-year-on/,https://api.microlink.io/?url=https%3A%2F%2Frarerevolutionmagazine.com%2Fjosiahstrong-living-with-familial-cold-autoinflammatory-syndrome-one-year-on%2F&embed=image.url,https://rarerevolutionmagazine.com/category/rare-insights/a-day-in-the-life/
8,"If you’re not dancing, something is wrong…",1 May 2024,https://rarerevolutionmagazine.com/if-youre-not-dancing-something-is-wrong/,https://api.microlink.io/?url=https%3A%2F%2Frarerevolutionmagazine.com%2Fif-youre-not-dancing-something-is-wrong%2F&embed=image.url,https://rarerevolutionmagazine.com/category/rare-insights/a-day-in-the-life/
9,A day in the life: living with dyskeratosis congenita (DC)—Paula’s story,19 April 2024,https://rarerevolutionmagazine.com/a-day-in-the-life-living-with-dyskeratosis-congenita-dc-paulas-story/,https://api.microlink.io/?url=https%3A%2F%2Frarerevolutionmagazine.com%2Fa-day-in-the-life-living-with-dyskeratosis-congenita-dc-paulas-story%2F&embed=image.url,https://rarerevolutionmagazine.com/category/rare-insights/a-day-in-the-life/
10,A day in the life: living with Bardet-Biedl syndrome—Tessa’s story,16 February 2024,https://rarerevolutionmagazine.com/a-day-in-the-life-living-with-bardet-biedl-syndrome-tessas-story/,https://api.microlink.io/?url=https%3A%2F%2Frarerevolutionmagazine.com%2Fa-day-in-the-life-living-with-bardet-biedl-syndrome-tessas-story%2F&embed=image.url,https://rarerevolutionmagazine.com/category/rare-insights/a-day-in-the-life/
11,Don’t let your condition define you! David’s journey with stiff person syndrome,14 February 2024,https://rarerevolutionmagazine.com/davids-journey-with-stiff-person-syndrome/,https://api.microlink.io/?url=https%3A%2F%2Frarerevolutionmagazine.com%2Fdavids-journey-with-stiff-person-syndrome%2F&embed=image.url,https://rarerevolutionmagazine.com/category/rare-insights/a-day-in-the-life/
12,A day in the life: a medically complex condition that is as unpredictable as the weather,29 November 2023,https://rarerevolutionmagazine.com/a-day-in-the-life-a-medically-complex-condition-that-is-as-unpredictable-as-the-weather/,https://api.microlink.io/?url=https%3A%2F%2Frarerevolutionmagazine.com%2Fa-day-in-the-life-a-medically-complex-condition-that-is-as-unpredictable-as-the-weather%2F&embed=image.url,https://rarerevolutionmagazine.com/category/rare-insights/a-day-in-the-life/
13,A day in the life: navigating our way through the labyrinth of a newly discovered disease,9 October 2023,https://rarerevolutionmagazine.com/a-day-in-the-life-navigating-our-way-through-the-labyrinth-of-a-newly-discovered-disease/,https://api.microlink.io/?url=https%3A%2F%2Frarerevolutionmagazine.com%2Fa-day-in-the-life-navigating-our-way-through-the-labyrinth-of-a-newly-discovered-disease%2F&embed=image.url,https://rarerevolutionmagazine.com/category/rare-insights/a-day-in-the-life/
14,A day in the life: a glimpse into my life living with scleroderma,15 September 2023,https://rarerevolutionmagazine.com/a-day-in-the-life-a-glimpse-into-my-life-living-with-scleroderma/,https://api.microlink.io/?url=https%3A%2F%2Frarerevolutionmagazine.com%2Fa-day-in-the-life-a-glimpse-into-my-life-living-with-scleroderma%2F&embed=image.url,https://rarerevolutionmagazine.com/category/rare-insights/a-day-in-the-life/
15,"A day in the life: graduation day for Raymond Huml’s son, Jon",25 July 2023,https://rarerevolutionmagazine.com/a-day-in-the-life-graduation-day-for-raymond-humls-son-jon/,https://api.microlink.io/?url=https%3A%2F%2Frarerevolutionmagazine.com%2Fa-day-in-the-life-graduation-day-for-raymond-humls-son-jon%2F&embed=image.url,https://rarerevolutionmagazine.com/category/rare-insights/a-day-in-the-life/
16,A day in the life: Josiah’s diagnosis with familial cold autoinflammatory syndrome,28 June 2023,https://rarerevolutionmagazine.com/a-day-in-the-life-josiahs-diagnosis-with-familial-cold-autoinflammatory-syndrome/,https://api.microlink.io/?url=https%3A%2F%2Frarerevolutionmagazine.com%2Fa-day-in-the-life-josiahs-diagnosis-with-familial-cold-autoinflammatory-syndrome%2F&embed=image.url,https://rarerevolutionmagazine.com/category/rare-insights/a-day-in-the-life/
17,"A day in the life: Cathy Moughton, PSPA helpline care navigator",24 May 2023,https://rarerevolutionmagazine.com/a-day-in-the-life-cathy-moughton-pspa-helpline-care-navigator/,https://api.microlink.io/?url=https%3A%2F%2Frarerevolutionmagazine.com%2Fa-day-in-the-life-cathy-moughton-pspa-helpline-care-navigator%2F&embed=image.url,https://rarerevolutionmagazine.com/category/rare-insights/a-day-in-the-life/
18,A day in the life with hypokalemic periodic paralysis: Ralph Berthiaume,1 May 2023,https://rarerevolutionmagazine.com/a-day-in-the-life-with-hypokalemic-periodic-paralysis-ralph-berthiaume/,https://api.microlink.io/?url=https%3A%2F%2Frarerevolutionmagazine.com%2Fa-day-in-the-life-with-hypokalemic-periodic-paralysis-ralph-berthiaume%2F&embed=image.url,https://rarerevolutionmagazine.com/category/rare-insights/a-day-in-the-life/page/2/
19,A day in the life with Behcet’s disease: Pamela Price,29 March 2023,https://rarerevolutionmagazine.com/a-day-in-the-life-with-behcets-disease-pamela-price/,https://api.microlink.io/?url=https%3A%2F%2Frarerevolutionmagazine.com%2Fa-day-in-the-life-with-behcets-disease-pamela-price%2F&embed=image.url,https://rarerevolutionmagazine.com/category/rare-insights/a-day-in-the-life/page/2/
20,My year at RARE Youth Revolution,26 January 2022,https://rarerevolutionmagazine.com/my-year-at-rare-youth-revolution/,https://api.microlink.io/?url=https%3A%2F%2Frarerevolutionmagazine.com%2Fmy-year-at-rare-youth-revolution%2F&embed=image.url,https://rarerevolutionmagazine.com/category/rare-insights/a-day-in-the-life/page/2/
21,Realising our workplace vision,6 October 2021,https://rarerevolutionmagazine.com/realising-our-workplace-vision-2/,https://api.microlink.io/?url=https%3A%2F%2Frarerevolutionmagazine.com%2Frealising-our-workplace-vision-2%2F&embed=image.url,https://rarerevolutionmagazine.com/category/rare-insights/a-day-in-the-life/page/2/
22,RARE Employment Q&A with Police Inspector David Singleton,6 October 2021,https://rarerevolutionmagazine.com/rare-employment-qa-with-police-inspector-david-singleton-2/,https://api.microlink.io/?url=https%3A%2F%2Frarerevolutionmagazine.com%2Frare-employment-qa-with-police-inspector-david-singleton-2%2F&embed=image.url,https://rarerevolutionmagazine.com/category/rare-insights/a-day-in-the-life/page/2/
23,Professional careers and rare disease – finding a balance that works,6 October 2021,https://rarerevolutionmagazine.com/professional-careers-and-rare-disease-finding-a-balance-that-works-2/,https://api.microlink.io/?url=https%3A%2F%2Frarerevolutionmagazine.com%2Fprofessional-careers-and-rare-disease-finding-a-balance-that-works-2%2F&embed=image.url,https://rarerevolutionmagazine.com/category/rare-insights/a-day-in-the-life/page/2/
